Creation Date,Status,Completion Date,Service Request Number,Type of Service Request,What is the Nature of this Code Violation?,Street Address,ZIP Code,X Coordinate,Y Coordinate,Ward,Police District,Community Area,Latitude,Longitude,Location
04/16/2013,Completed,04/16/2013,13-00434768,Sanitation Code Violation,Standing water,625 S WELLS ST,60607,1174815.13110864,1897520.06792302,2,1,32,41.874185885771574,-87.63362213162148,"(41.874185885771574, -87.63362213162148)"
05/29/2013,Completed - Dup,05/30/2013,13-00655825,Sanitation Code Violation,Standing water,4730 S LAMON AVE,60638,1144488.5866774,1872822.60982714,23,8,56,41.80703703547421,-87.7455885303114,"(41.80703703547421, -87.7455885303114)"
06/25/2013,Completed,06/26/2013,13-00825389,Sanitation Code Violation,Standing water,3409 S LITUANICA AVE,60608,1170863.33302229,1882300.65909312,11,9,60,41.832510062437535,-87.64857681734584,"(41.832510062437535, -87.64857681734584)"
06/07/2013,Completed,07/10/2013,13-00718717,Sanitation Code Violation,Standing water,1245 S PULASKI RD,60623,1149911.47207569,1894106.91413053,24,10,29,41.86534049128377,-87.72514606440004,"(41.86534049128377, -87.72514606440004)"
07/10/2013,Completed - Dup,07/12/2013,13-00916453,Sanitation Code Violation,Standing water,3935 S TALMAN AVE,60632,1159374.80998473,1878343.95990051,12,9,58,41.82189597896747,-87.69083858423434,"(41.82189597896747, -87.69083858423434)"
07/28/2013,Completed,08/01/2013,13-01038891,Sanitation Code Violation,Standing water,3126 S LAWNDALE AVE,60623,1152200.81310056,1883625.32287341,22,10,30,41.83653292658419,-87.7170179165758,"(41.83653292658419, -87.7170179165758)"
09/17/2013,Completed,09/25/2013,13-01365635,Sanitation Code Violation,Standing water,4540 S HOMAN AVE,60632,1154454.93201252,1874238.14762067,14,8,58,41.81072862113847,-87.70899693358942,"(41.81072862113847, -87.70899693358942)"
11/10/2013,Completed,11/13/2013,13-01685949,Sanitation Code Violation,Standing water,5305 S HOMAN AVE,60632,1154611.39848885,1869216.15570377,14,8,63,41.79694445719666,-87.70855692171023,"(41.79694445719666, -87.70855692171023)"
03/08/2014,Completed,03/10/2014,14-00328400,Sanitation Code Violation,Standing water,1248 S MCCORMICK PL BUSWAY,60605,1178236.76061771,1894845.2970869,2,1,33,41.866768931375624,-87.6211411046547,"(41.866768931375624, -87.6211411046547)"
03/14/2014,Completed,03/17/2014,14-00368080,Sanitation Code Violation,Standing water,2652 W 47TH ST,60632,1159388.98618856,1873402.03503384,12,9,58,41.80833443290838,-87.69092211250894,"(41.80833443290838, -87.69092211250894)"
03/14/2014,Completed,03/17/2014,14-00368118,Sanitation Code Violation,Standing water,827 S WELLS ST,60607,1174838.04327147,1896654.69013255,2,1,32,41.87181072103852,-87.63356391209656,"(41.87181072103852, -87.63356391209656)"
03/27/2014,Completed,03/31/2014,14-00440727,Sanitation Code Violation,Standing water,4840 S EVANS AVE,60615,1182073.21688456,1873082.54302082,4,2,38,41.80696229847662,-87.60773212916158,"(41.80696229847662, -87.60773212916158)"
05/13/2014,Completed,05/13/2014,14-00698568,Sanitation Code Violation,Standing water,2652 S MILLARD AVE,60623,1152464.67847934,1886131.28789875,22,10,30,41.843404409603885,-87.71598359222202,"(41.843404409603885, -87.71598359222202)"
05/28/2014,Completed,05/30/2014,14-00797604,Sanitation Code Violation,Standing water,703 S WOLCOTT AVE,60612,1163875.51759875,1897023.15452699,2,12,28,41.87306000619177,-87.67380124102246,"(41.87306000619177, -87.67380124102246)"
06/06/2014,Completed,06/10/2014,14-00857697,Sanitation Code Violation,Standing water,835 S WELLS ST,60607,1174839.04327147,1896617.99013255,2,1,32,41.87170999149192,-87.63356133917335,"(41.87170999149192, -87.63356133917335)"
06/11/2014,Completed,06/12/2014,14-00888661,Sanitation Code Violation,Standing water,4340 S MAPLEWOOD AVE,60632,1160086.19958762,1875802.32001336,12,9,58,41.81490678394023,-87.68829880481887,"(41.81490678394023, -87.68829880481887)"
06/11/2014,Completed,06/18/2014,14-00885199,Sanitation Code Violation,Standing water,835 S WELLS ST,60607,1174839.04327147,1896617.99013255,2,1,32,41.87170999149192,-87.63356133917335,"(41.87170999149192, -87.63356133917335)"
06/19/2014,Completed,06/30/2014,14-00941354,Sanitation Code Violation,Standing water,835 S WELLS ST,60607,1174839.04327147,1896617.99013255,2,1,32,41.87170999149192,-87.63356133917335,"(41.87170999149192, -87.63356133917335)"
06/23/2014,Completed,07/01/2014,14-00967069,Sanitation Code Violation,Standing water,715 W 51ST ST,60609,1172350.10001607,1871054.72631337,3,9,61,41.80161748499577,-87.64345295530464,"(41.80161748499577, -87.64345295530464)"
07/03/2014,Completed,07/07/2014,14-01040597,Sanitation Code Violation,Standing water,835 S WELLS ST,60607,1174839.04327147,1896617.99013255,2,1,32,41.87170999149192,-87.63356133917335,"(41.87170999149192, -87.63356133917335)"
07/14/2014,Completed,07/15/2014,14-01111785,Sanitation Code Violation,Standing water,4030 S LAKE PARK AVE,60653,1183635.1325,1878468.8163,4,2,36,41.82170629900491,-87.60183542086364,"(41.82170629900491, -87.60183542086364)"
07/05/2014,Completed,07/16/2014,14-01047427,Sanitation Code Violation,Standing water,2909 S PRINCETON AVE,60616,1174763.45317313,1885428.40370324,11,9,34,41.84100664704454,-87.634173372984,"(41.84100664704454, -87.634173372984)"
07/18/2014,Completed,07/21/2014,14-01149988,Sanitation Code Violation,Standing water,1133 S WABASH AVE,60605,1176945.71171968,1895522.99857156,2,1,32,41.86865787996272,-87.62586013621537,"(41.86865787996272, -87.62586013621537)"
07/16/2014,Completed,07/25/2014,14-01126714,Sanitation Code Violation,Standing water,5419 S HYDE PARK BLVD,60615,1188571.32190486,1869721.01509773,5,2,41,41.797585021665675,-87.58400696787798,"(41.797585021665675, -87.58400696787798)"
07/28/2014,Completed,07/29/2014,14-01212423,Sanitation Code Violation,Standing water,839 S WELLS ST,60607,1174839.64327147,1896599.59013255,2,1,32,41.87165948727766,-87.63355968707444,"(41.87165948727766, -87.63355968707444)"
07/30/2014,Completed,07/31/2014,14-01231771,Sanitation Code Violation,Standing water,2827 S ST LOUIS AVE,60623,1153493.30159435,1884992.75139796,22,10,30,41.84025977417389,-87.71223896192438,"(41.84025977417389, -87.71223896192438)"
07/17/2014,Completed,08/05/2014,14-01136771,Sanitation Code Violation,Standing water,4829 W POLK ST,60644,1144341.42059843,1895861.13998468,24,15,25,41.8702607745278,-87.74555005203672,"(41.8702607745278, -87.74555005203672)"
08/19/2014,Completed,08/21/2014,14-01374683,Sanitation Code Violation,Standing water,3046 S HOMAN AVE,60623,1154180.47051062,1884218.897399,22,10,30,41.838122560437206,-87.70973792897304,"(41.838122560437206, -87.70973792897304)"
09/03/2014,Completed,09/08/2014,14-01471370,Sanitation Code Violation,Standing water,1912 W 22ND PL,60608,1163973.47162573,1889093.85999629,25,10,31,41.851299225754815,-87.67366529465143,"(41.851299225754815, -87.67366529465143)"
08/25/2014,Completed,09/08/2014,14-01406406,Sanitation Code Violation,Standing water,432 W 42ND PL,60609,1174050.95329109,1876760.16641989,11,9,61,41.81723613453718,-87.63704578350581,"(41.81723613453718, -87.63704578350581)"
09/11/2014,Completed,09/12/2014,14-01532845,Sanitation Code Violation,Standing water,1910 W 22ND PL,60608,1163986.97162573,1889094.15999629,25,10,31,41.851299764388855,-87.67361573813443,"(41.851299764388855, -87.67361573813443)"
09/27/2014,Completed,10/02/2014,14-01643601,Sanitation Code Violation,Standing water,1318 S MILLARD AVE,60623,1152251.5613667,1893599.47420099,24,10,29,41.86390220442342,-87.71656883513758,"(41.86390220442342, -87.71656883513758)"
10/15/2014,Completed - Dup,10/15/2014,14-01766388,Sanitation Code Violation,Standing water,4745 S HOYNE AVE,60609,1163159.85988217,1873186.11308475,12,9,61,41.80766373699853,-87.67709742995794,"(41.80766373699853, -87.67709742995794)"
10/14/2014,Completed - Dup,10/21/2014,14-01762260,Sanitation Code Violation,Standing water,3213 S KEDVALE AVE,60623,1149225.03592626,1882966.59720431,22,10,30,41.83478336759364,-87.72795432552364,"(41.83478336759364, -87.72795432552364)"
11/07/2014,Completed,11/12/2014,14-01923767,Sanitation Code Violation,Standing water,3508 W 24TH ST,60623,1153328.21338268,1887830.49240575,22,10,30,41.84805015545335,-87.71276952975363,"(41.84805015545335, -87.71276952975363)"
11/23/2014,Completed,11/25/2014,14-02020806,Sanitation Code Violation,Standing water,2817 S LOWE AVE,60616,1172415.98919587,1886224.08632938,11,9,60,41.843242181512316,-87.64276418048412,"(41.843242181512316, -87.64276418048412)"
01/21/2015,Completed,01/23/2015,15-00111366,Sanitation Code Violation,Standing water,3608 W 18TH ST,60623,1152584.77998163,1891136.73011668,24,10,29,41.85713757509816,-87.71541066453076,"(41.85713757509816, -87.71541066453076)"
02/15/2015,Completed,02/19/2015,15-00294615,Sanitation Code Violation,Standing water,3214 W 23RD ST,60623,1155244.82833074,1888534.8774114,24,10,30,41.84994484852682,-87.70571653434334,"(41.84994484852682, -87.70571653434334)"
03/31/2015,Completed - Dup,03/31/2015,15-01042393,Sanitation Code Violation,Standing water,3352 S HALSTED ST,60608,1171522.0374262,1882445.29986671,11,9,60,41.83289253587351,-87.64615569802582,"(41.83289253587351, -87.64615569802582)"
04/13/2015,Completed,04/14/2015,15-01311674,Sanitation Code Violation,Standing water,5213 S RICHMOND ST,60632,1157591.92613424,1869935.84711261,14,9,63,41.798859423491905,-87.69760738158988,"(41.798859423491905, -87.69760738158988)"
04/04/2015,Completed,04/30/2015,15-01143603,Sanitation Code Violation,Standing water,3929 S INDIANA AVE,60653,1178246.16498938,1878989.78891129,3,2,38,41.8232600875548,-87.62158897183909,"(41.8232600875548, -87.62158897183909)"
04/30/2015,Completed,05/04/2015,15-01702350,Sanitation Code Violation,Standing water,3929 S INDIANA AVE,60653,1178246.16498938,1878989.78891129,3,2,38,41.8232600875548,-87.62158897183909,"(41.8232600875548, -87.62158897183909)"
05/27/2015,Completed - Dup,05/28/2015,15-02296612,Sanitation Code Violation,Standing water,4209 W 30TH ST,60623,1148762.69302671,1884377.60967817,22,10,30,41.83866430376875,-87.72961442092614,"(41.83866430376875, -87.72961442092614)"
05/27/2015,Completed,05/28/2015,15-02288183,Sanitation Code Violation,Standing water,4209 W 30TH ST,60623,1148762.69302671,1884377.60967817,22,10,30,41.83866430376875,-87.72961442092614,"(41.83866430376875, -87.72961442092614)"
05/29/2015,Completed - Dup,06/02/2015,15-02327290,Sanitation Code Violation,Standing water,4209 W 30TH ST,60623,1148762.69302671,1884377.60967817,22,10,30,41.83866430376875,-87.72961442092614,"(41.83866430376875, -87.72961442092614)"
05/29/2015,Completed,06/02/2015,15-02327094,Sanitation Code Violation,Standing water,4209 W 30TH ST,60623,1148762.69302671,1884377.60967817,22,10,30,41.83866430376875,-87.72961442092614,"(41.83866430376875, -87.72961442092614)"
05/29/2015,Completed,06/02/2015,15-02336597,Sanitation Code Violation,Standing water,4407 W 31ST ST,60623,1147476.78549987,1883809.09988146,22,10,30,41.837128941078014,-87.73434766624362,"(41.837128941078014, -87.73434766624362)"
06/02/2015,Completed,06/03/2015,15-02417851,Sanitation Code Violation,Standing water,1614 W 38TH ST,60609,1166165.0250202,1879532.76519924,12,9,59,41.825016151921055,-87.66589448617536,"(41.825016151921055, -87.66589448617536)"
06/01/2015,Completed,06/04/2015,15-02395720,Sanitation Code Violation,Standing water,963 E 40TH ST,60653,1183610.9333708,1878798.36168866,4,2,36,41.82261115978356,-87.60191390340474,"(41.82261115978356, -87.60191390340474)"
05/19/2015,Completed,06/04/2015,15-02116036,Sanitation Code Violation,Standing water,818 S KEDVALE AVE,60624,1148847.14072181,1896027.9813769,24,11,26,41.87063275254093,-87.72900364936079,"(41.87063275254093, -87.72900364936079)"
06/08/2015,Completed,06/10/2015,15-02560481,Sanitation Code Violation,Standing water,4014 S OAKENWALD AVE,60653,1183882.67997145,1878776.79997863,4,2,36,41.82254564060261,-87.60091766677412,"(41.82254564060261, -87.60091766677412)"
06/08/2015,Completed,06/10/2015,15-02560535,Sanitation Code Violation,Standing water,963 E 40TH ST,60653,1183610.9333708,1878798.36168866,4,2,36,41.82261115978356,-87.60191390340474,"(41.82261115978356, -87.60191390340474)"
05/31/2015,Completed,06/24/2015,15-02368732,Sanitation Code Violation,Standing water,1109 W 32ND PL,60608,1169413.97761981,1883276.58562688,11,9,60,41.83521967743348,-87.65386637684753,"(41.83521967743348, -87.65386637684753)"
06/25/2015,Completed,06/25/2015,15-02964496,Sanitation Code Violation,Standing water,3559 S MAPLEWOOD AVE,60632,1159941.43242446,1880981.61972332,12,9,58,41.82912238285788,-87.68868729134964,"(41.82912238285788, -87.68868729134964)"
06/28/2015,Completed,06/28/2015,15-03033581,Sanitation Code Violation,Standing water,811 S WELLS ST,60607,1174835.94327147,1896728.19013255,25,1,32,41.87201245676995,-87.63356942210581,"(41.87201245676995, -87.63356942210581)"
07/13/2015,Completed,07/22/2015,15-03374630,Sanitation Code Violation,Standing water,963 E 40TH ST,60653,1183610.9333708,1878798.36168866,4,2,36,41.82261115978356,-87.60191390340474,"(41.82261115978356, -87.60191390340474)"
08/03/2015,Completed,08/04/2015,15-03806059,Sanitation Code Violation,Standing water,3111 W 36TH PL,60632,1156222.78007182,1880254.53070583,12,9,58,41.827202922821705,-87.7023505366856,"(41.827202922821705, -87.7023505366856)"
07/23/2015,Completed,08/17/2015,15-03589968,Sanitation Code Violation,Standing water,2820 W TAYLOR ST,60612,1157711.06383271,1895580.68849046,28,11,27,41.86922948147276,-87.69647322216328,"(41.86922948147276, -87.69647322216328)"
08/13/2015,Completed,08/18/2015,15-04074349,Sanitation Code Violation,Standing water,937 W HARRISON ST,60607,1170299.39651034,1897561.14942705,11,12,28,41.87439843573856,-87.65020051574648,"(41.87439843573856, -87.65020051574648)"
08/19/2015,Completed,08/31/2015,15-04183772,Sanitation Code Violation,Standing water,902 S CLAREMONT AVE,60612,1160857.99097597,1895951.69591492,28,12,28,41.87018291304187,-87.68490973765621,"(41.87018291304187, -87.68490973765621)"
08/19/2015,Completed,08/31/2015,15-04183773,Sanitation Code Violation,Standing water,748 S WESTERN AVE,60612,1160509.13989822,1896464.93999791,28,11,28,41.871598527527404,-87.68617627396281,"(41.871598527527404, -87.68617627396281)"
09/07/2015,Completed,09/08/2015,15-04632952,Sanitation Code Violation,Standing water,1313 W 18TH PL,60608,1167906.66622137,1891202.00992327,25,12,31,41.85700035443351,-87.65916886150532,"(41.85700035443351, -87.65916886150532)"
09/05/2015,Completed,09/08/2015,15-04599937,Sanitation Code Violation,Standing water,2959 S EMERALD AVE,60616,1171779.36402708,1885262.44560981,11,9,60,41.84061737986158,-87.64512870939365,"(41.84061737986158, -87.64512870939365)"
09/02/2015,Completed,09/09/2015,15-04529835,Sanitation Code Violation,Standing water,2849 S ARCHER AVE,60608,1168834.20002014,1885972.72999973,11,9,60,41.842630714500864,-87.65591572682806,"(41.842630714500864, -87.65591572682806)"
09/17/2015,Completed,09/21/2015,15-04861082,Sanitation Code Violation,Standing water,727 S HOYNE AVE,60612,1162490.86643014,1896760.82999792,28,12,28,41.872369246725796,-87.67889229489924,"(41.872369246725796, -87.67889229489924)"
10/19/2015,Completed,10/27/2015,15-05500363,Sanitation Code Violation,Standing water,4216 W 19TH ST,60623,1148610.20442869,1890313.0100989,24,10,29,41.85495475028257,-87.73002097603302,"(41.85495475028257, -87.73002097603302)"
11/01/2015,Completed - Dup,11/04/2015,15-05885436,Sanitation Code Violation,Standing water,4352 W 47TH ST,60632,1148015.77032568,1873109.08521543,14,8,57,41.80775624733463,-87.73264438271458,"(41.80775624733463, -87.73264438271458)"
11/11/2015,Completed,11/13/2015,15-06110531,Sanitation Code Violation,Standing water,4708 S KILDARE AVE,60632,1148486.51007564,1873066.73548621,14,8,57,41.807630991847745,-87.7309189011617,"(41.807630991847745, -87.7309189011617)"
11/11/2015,Completed,11/13/2015,15-06110532,Sanitation Code Violation,Standing water,4352 W 47TH ST,60632,1148015.77032568,1873109.08521543,14,8,57,41.80775624733463,-87.73264438271458,"(41.80775624733463, -87.73264438271458)"
11/13/2015,Completed,11/16/2015,15-06143101,Sanitation Code Violation,Standing water,4635 S KOLMAR AVE,60632,1146804.0391225,1873516.07363061,14,8,57,41.808896239600024,-87.73707839474409,"(41.808896239600024, -87.73707839474409)"
11/17/2015,Completed - Dup,11/18/2015,15-06237664,Sanitation Code Violation,Standing water,4635 S KOLMAR AVE,60632,1146804.0391225,1873516.07363061,14,8,57,41.808896239600024,-87.73707839474409,"(41.808896239600024, -87.73707839474409)"
11/17/2015,Completed,11/19/2015,15-06237662,Sanitation Code Violation,Standing water,4708 S KILDARE AVE,60632,1148486.51007564,1873066.73548621,14,8,57,41.807630991847745,-87.7309189011617,"(41.807630991847745, -87.7309189011617)"
11/17/2015,Completed,11/19/2015,15-06237666,Sanitation Code Violation,Standing water,4352 W 47TH ST,60632,1148015.77032568,1873109.08521543,14,8,57,41.80775624733463,-87.73264438271458,"(41.80775624733463, -87.73264438271458)"
11/18/2015,Completed - Dup,11/19/2015,15-06249746,Sanitation Code Violation,Standing water,4708 S KILDARE AVE,60632,1148486.51007564,1873066.73548621,14,8,57,41.807630991847745,-87.7309189011617,"(41.807630991847745, -87.7309189011617)"
11/23/2015,Completed,11/23/2015,15-06323565,Sanitation Code Violation,Standing water,1852 S PAULINA ST,60608,1165332.94006834,1891025.64599507,25,12,31,41.8565714604415,-87.66862085532003,"(41.8565714604415, -87.66862085532003)"
11/28/2015,Completed,12/01/2015,15-06424362,Sanitation Code Violation,Standing water,4352 W 47TH ST,60632,1148015.77032568,1873109.08521543,14,8,57,41.80775624733463,-87.73264438271458,"(41.80775624733463, -87.73264438271458)"
12/13/2015,Completed,12/15/2015,15-06703663,Sanitation Code Violation,Standing water,4352 W 47TH ST,60632,1148015.77032568,1873109.08521543,14,8,57,41.80775624733463,-87.73264438271458,"(41.80775624733463, -87.73264438271458)"
12/13/2015,Completed,12/15/2015,15-06703664,Sanitation Code Violation,Standing water,4635 S KOLMAR AVE,60632,1146804.0391225,1873516.07363061,14,8,57,41.808896239600024,-87.73707839474409,"(41.808896239600024, -87.73707839474409)"
12/13/2015,Completed,12/15/2015,15-06703672,Sanitation Code Violation,Standing water,4708 S KILDARE AVE,60632,1148486.51007564,1873066.73548621,14,8,57,41.807630991847745,-87.7309189011617,"(41.807630991847745, -87.7309189011617)"
12/13/2015,Completed,12/15/2015,15-06719371,Sanitation Code Violation,Standing water,4921 S KOSTNER AVE,60632,1147858.13460385,1871632.05481765,14,8,57,41.80370607531287,-87.73326037957177,"(41.80370607531287, -87.73326037957177)"
12/20/2015,Completed,12/21/2015,15-06850299,Sanitation Code Violation,Standing water,4635 S KOLMAR AVE,60632,1146804.0391225,1873516.07363061,14,8,57,41.808896239600024,-87.73707839474409,"(41.808896239600024, -87.73707839474409)"
12/20/2015,Completed,12/21/2015,15-06850300,Sanitation Code Violation,Standing water,4352 W 47TH ST,60632,1148015.77032568,1873109.08521543,14,8,57,41.80775624733463,-87.73264438271458,"(41.80775624733463, -87.73264438271458)"
12/20/2015,Completed,12/21/2015,15-06850305,Sanitation Code Violation,Standing water,4708 S KILDARE AVE,60632,1148486.51007564,1873066.73548621,14,8,57,41.807630991847745,-87.7309189011617,"(41.807630991847745, -87.7309189011617)"
12/23/2015,Completed,12/23/2015,15-06896821,Sanitation Code Violation,Standing water,3114 S WESTERN AVE,60608,1160917.21688199,1884178.14901723,25,9,31,41.837873869143756,-87.68501865529888,"(41.837873869143756, -87.68501865529888)"
12/23/2015,Completed,12/28/2015,15-06894195,Sanitation Code Violation,Standing water,4708 S KILDARE AVE,60632,1148486.51007564,1873066.73548621,14,8,57,41.807630991847745,-87.7309189011617,"(41.807630991847745, -87.7309189011617)"
12/23/2015,Completed,12/30/2015,15-06894196,Sanitation Code Violation,Standing water,4352 W 47TH ST,60632,1148015.77032568,1873109.08521543,14,8,57,41.80775624733463,-87.73264438271458,"(41.80775624733463, -87.73264438271458)"
12/23/2015,Completed,12/31/2015,15-06894337,Sanitation Code Violation,Standing water,4635 S KOLMAR AVE,60632,1146804.0391225,1873516.07363061,14,8,57,41.808896239600024,-87.73707839474409,"(41.808896239600024, -87.73707839474409)"
01/08/2016,Completed - Dup,01/12/2016,16-00142333,Sanitation Code Violation,Standing water,4352 W 47TH ST,60632,1148015.77032568,1873109.08521543,14,8,57,41.80775624733463,-87.73264438271458,"(41.80775624733463, -87.73264438271458)"
01/08/2016,Completed,01/12/2016,16-00137873,Sanitation Code Violation,Standing water,4352 W 47TH ST,60632,1148015.77032568,1873109.08521543,14,8,57,41.80775624733463,-87.73264438271458,"(41.80775624733463, -87.73264438271458)"
01/08/2016,Completed,01/12/2016,16-00141477,Sanitation Code Violation,Standing water,4708 S KILDARE AVE,60632,1148486.51007564,1873066.73548621,14,8,57,41.807630991847745,-87.7309189011617,"(41.807630991847745, -87.7309189011617)"
02/03/2016,Completed,02/03/2016,16-00675945,Sanitation Code Violation,Standing water,4635 S KOLMAR AVE,60632,1146804.0391225,1873516.07363061,14,8,57,41.808896239600024,-87.73707839474409,"(41.808896239600024, -87.73707839474409)"
02/03/2016,Completed,02/03/2016,16-00675946,Sanitation Code Violation,Standing water,4352 W 47TH ST,60632,1148015.77032568,1873109.08521543,14,8,57,41.80775624733463,-87.73264438271458,"(41.80775624733463, -87.73264438271458)"
02/03/2016,Completed,02/03/2016,16-00675951,Sanitation Code Violation,Standing water,4708 S KILDARE AVE,60632,1148486.51007564,1873066.73548621,14,8,57,41.807630991847745,-87.7309189011617,"(41.807630991847745, -87.7309189011617)"
01/19/2016,Completed,03/02/2016,16-00359321,Sanitation Code Violation,Standing water,3050 W POLK ST,60612,1156494.02658637,1896219.95773324,28,11,27,41.87100839240903,-87.70092400494663,"(41.87100839240903, -87.70092400494663)"
03/24/2016,Completed,03/28/2016,16-01979789,Sanitation Code Violation,Standing water,4635 S KOLMAR AVE,60632,1146804.0391225,1873516.07363061,14,8,57,41.808896239600024,-87.73707839474409,"(41.808896239600024, -87.73707839474409)"
03/31/2016,Completed,04/04/2016,16-02164561,Sanitation Code Violation,Standing water,4352 W 47TH ST,60632,1148015.77032568,1873109.08521543,14,8,57,41.80775624733463,-87.73264438271458,"(41.80775624733463, -87.73264438271458)"
03/31/2016,Completed,04/04/2016,16-02164614,Sanitation Code Violation,Standing water,4635 S KOLMAR AVE,60632,1146804.0391225,1873516.07363061,14,8,57,41.808896239600024,-87.73707839474409,"(41.808896239600024, -87.73707839474409)"
04/15/2016,Completed,04/22/2016,16-02529822,Sanitation Code Violation,Standing water,3642 S UNION AVE,60609,1172231.5039258,1880734.40917084,11,9,60,41.828182093843395,-87.6436029589069,"(41.828182093843395, -87.6436029589069)"
04/21/2016,Completed,04/26/2016,16-02719036,Sanitation Code Violation,Standing water,4635 S KOLMAR AVE,60632,1146804.0391225,1873516.07363061,14,8,57,41.808896239600024,-87.73707839474409,"(41.808896239600024, -87.73707839474409)"
04/24/2016,Completed,04/29/2016,16-02791717,Sanitation Code Violation,Standing water,3642 S UNION AVE,60609,1172231.5039258,1880734.40917084,11,9,60,41.828182093843395,-87.6436029589069,"(41.828182093843395, -87.6436029589069)"
04/30/2016,Completed,05/03/2016,16-02940300,Sanitation Code Violation,Standing water,3642 S UNION AVE,60609,1172231.5039258,1880734.40917084,11,9,60,41.828182093843395,-87.6436029589069,"(41.828182093843395, -87.6436029589069)"
05/01/2016,Completed,05/03/2016,16-02958811,Sanitation Code Violation,Standing water,4352 W 47TH ST,60632,1148015.77032568,1873109.08521543,14,8,57,41.80775624733463,-87.73264438271458,"(41.80775624733463, -87.73264438271458)"
05/11/2016,Completed,05/12/2016,16-03240492,Sanitation Code Violation,Standing water,4352 W 47TH ST,60632,1148015.77032568,1873109.08521543,14,8,57,41.80775624733463,-87.73264438271458,"(41.80775624733463, -87.73264438271458)"
05/06/2016,Completed,05/12/2016,16-03119419,Sanitation Code Violation,Standing water,2849 S ARCHER AVE,60608,1168834.20002014,1885972.72999973,11,9,60,41.842630714500864,-87.65591572682806,"(41.842630714500864, -87.65591572682806)"
05/04/2016,Completed,05/12/2016,16-03063822,Sanitation Code Violation,Standing water,3642 S UNION AVE,60609,1172231.5039258,1880734.40917084,11,9,60,41.828182093843395,-87.6436029589069,"(41.828182093843395, -87.6436029589069)"
05/12/2016,Completed,05/13/2016,16-03277909,Sanitation Code Violation,Standing water,4352 W 47TH ST,60632,1148015.77032568,1873109.08521543,14,8,57,41.80775624733463,-87.73264438271458,"(41.80775624733463, -87.73264438271458)"
05/13/2016,Completed,05/16/2016,16-03321029,Sanitation Code Violation,Standing water,4352 W 47TH ST,60632,1148015.77032568,1873109.08521543,14,8,57,41.80775624733463,-87.73264438271458,"(41.80775624733463, -87.73264438271458)"
05/18/2016,Completed,05/18/2016,16-03424698,Sanitation Code Violation,Standing water,4635 S KOLMAR AVE,60632,1146804.0391225,1873516.07363061,14,8,57,41.808896239600024,-87.73707839474409,"(41.808896239600024, -87.73707839474409)"
05/18/2016,Completed,05/18/2016,16-03424699,Sanitation Code Violation,Standing water,4352 W 47TH ST,60632,1148015.77032568,1873109.08521543,14,8,57,41.80775624733463,-87.73264438271458,"(41.80775624733463, -87.73264438271458)"
05/17/2016,Completed,05/18/2016,16-03411237,Sanitation Code Violation,Standing water,4635 S KOLMAR AVE,60632,1146804.0391225,1873516.07363061,14,8,57,41.808896239600024,-87.73707839474409,"(41.808896239600024, -87.73707839474409)"
05/16/2016,Completed,05/18/2016,16-03382908,Sanitation Code Violation,Standing water,4352 W 47TH ST,60632,1148015.77032568,1873109.08521543,14,8,57,41.80775624733463,-87.73264438271458,"(41.80775624733463, -87.73264438271458)"
05/17/2016,Completed - Dup,05/18/2016,16-03411147,Sanitation Code Violation,Standing water,4352 W 47TH ST,60632,1148015.77032568,1873109.08521543,14,8,57,41.80775624733463,-87.73264438271458,"(41.80775624733463, -87.73264438271458)"
05/13/2016,Completed - Dup,05/18/2016,16-03321028,Sanitation Code Violation,Standing water,4635 S KOLMAR AVE,60632,1146804.0391225,1873516.07363061,14,8,57,41.808896239600024,-87.73707839474409,"(41.808896239600024, -87.73707839474409)"
05/13/2016,Completed,05/25/2016,16-03321432,Sanitation Code Violation,Standing water,3642 S UNION AVE,60609,1172231.5039258,1880734.40917084,11,9,60,41.828182093843395,-87.6436029589069,"(41.828182093843395, -87.6436029589069)"
05/25/2016,Completed,05/26/2016,16-03632122,Sanitation Code Violation,Standing water,2112 S DAMEN AVE,60608,1163362.07726776,1889948.37233083,25,12,31,41.853656957861084,-87.67588523879185,"(41.853656957861084, -87.67588523879185)"
05/26/2016,Completed,05/27/2016,16-03640188,Sanitation Code Violation,Standing water,1063 S MCCORMICK PL BUSWAY,60605,1178099.06061771,1895675.3970869,4,1,32,41.8690499088931,-87.62162134588911,"(41.8690499088931, -87.62162134588911)"
05/25/2016,Completed,05/27/2016,16-03634333,Sanitation Code Violation,Standing water,4352 W 47TH ST,60632,1148015.77032568,1873109.08521543,14,8,57,41.80775624733463,-87.73264438271458,"(41.80775624733463, -87.73264438271458)"
05/16/2016,Completed,05/31/2016,16-03387444,Sanitation Code Violation,Standing water,2110 W LEXINGTON ST,60612,1162424.76643014,1896758.02999792,28,12,28,41.87236294594847,-87.67913505514132,"(41.87236294594847, -87.67913505514132)"
05/16/2016,Completed,05/31/2016,16-03387447,Sanitation Code Violation,Standing water,2111 W FLOURNOY ST,60612,1162417.81739167,1897074.88993349,28,12,28,41.87323258348981,-87.67915170192597,"(41.87323258348981, -87.67915170192597)"
06/05/2016,Completed,06/06/2016,16-03902315,Sanitation Code Violation,Standing water,4635 S KOLMAR AVE,60632,1146804.0391225,1873516.07363061,14,8,57,41.808896239600024,-87.73707839474409,"(41.808896239600024, -87.73707839474409)"
06/01/2016,Completed,06/06/2016,16-03781763,Sanitation Code Violation,Standing water,4352 W 47TH ST,60632,1148015.77032568,1873109.08521543,14,8,57,41.80775624733463,-87.73264438271458,"(41.80775624733463, -87.73264438271458)"
06/01/2016,Completed,06/06/2016,16-03781828,Sanitation Code Violation,Standing water,4635 S KOLMAR AVE,60632,1146804.0391225,1873516.07363061,14,8,57,41.808896239600024,-87.73707839474409,"(41.808896239600024, -87.73707839474409)"
05/27/2016,Completed,06/06/2016,16-03684215,Sanitation Code Violation,Standing water,4635 S KOLMAR AVE,60632,1146804.0391225,1873516.07363061,14,8,57,41.808896239600024,-87.73707839474409,"(41.808896239600024, -87.73707839474409)"
06/06/2016,Completed,06/07/2016,16-03905567,Sanitation Code Violation,Standing water,1072 S MCCORMICK PL BUSWAY,60605,1178104.36061771,1895637.9970869,4,1,32,41.868947160503936,-87.6216030269354,"(41.868947160503936, -87.6216030269354)"
05/25/2016,Completed,06/07/2016,16-03632496,Sanitation Code Violation,Standing water,3324 W FLOURNOY ST,60624,1154314.66769443,1896837.56279828,24,11,27,41.87274694782249,-87.70890875955827,"(41.87274694782249, -87.70890875955827)"
06/03/2016,Completed,06/09/2016,16-03852340,Sanitation Code Violation,Standing water,1637 W 18TH ST,60608,1165680.67001731,1891466.8002796,25,12,31,41.85777463381049,-87.66733194417431,"(41.85777463381049, -87.66733194417431)"
06/15/2016,Completed,06/15/2016,16-04159212,Sanitation Code Violation,Standing water,4400 W 47TH ST,60632,1147817.86992036,1873104.40358949,14,8,57,41.80774719359453,-87.73337035816313,"(41.80774719359453, -87.73337035816313)"
06/15/2016,Completed,06/15/2016,16-04159213,Sanitation Code Violation,Standing water,4432 W 47TH ST,60632,1147483.529801,1873095.75220467,14,8,57,41.80772985108241,-87.7345968660238,"(41.80772985108241, -87.7345968660238)"
06/15/2016,Completed,06/15/2016,16-04159214,Sanitation Code Violation,Standing water,4352 W 47TH ST,60632,1148015.77032568,1873109.08521543,14,8,57,41.80775624733463,-87.73264438271458,"(41.80775624733463, -87.73264438271458)"
06/14/2016,Completed,06/15/2016,16-04142661,Sanitation Code Violation,Standing water,2799 S ASHLAND AVE,60608,1166139.22570094,1885327.04572948,25,9,31,41.84091679784841,-87.6658239521947,"(41.84091679784841, -87.6658239521947)"
06/21/2016,Completed,06/22/2016,16-04341879,Sanitation Code Violation,Standing water,5244 S ST LOUIS AVE,60632,1153933.06197043,1869624.0399684,14,8,63,41.79807725213718,-87.71103365520796,"(41.79807725213718, -87.71103365520796)"
06/22/2016,Completed,06/23/2016,16-04370745,Sanitation Code Violation,Standing water,4400 W 47TH ST,60632,1147817.86992036,1873104.40358949,14,8,57,41.80774719359453,-87.73337035816313,"(41.80774719359453, -87.73337035816313)"
06/22/2016,Completed,06/23/2016,16-04370747,Sanitation Code Violation,Standing water,4432 W 47TH ST,60632,1147483.529801,1873095.75220467,14,8,57,41.80772985108241,-87.7345968660238,"(41.80772985108241, -87.7345968660238)"
06/24/2016,Completed,06/24/2016,16-04405776,Sanitation Code Violation,Standing water,3114 S WESTERN AVE,60608,1160917.21688199,1884178.14901723,25,9,31,41.837873869143756,-87.68501865529888,"(41.837873869143756, -87.68501865529888)"
05/28/2016,Completed,06/27/2016,16-03697281,Sanitation Code Violation,Standing water,5347 S HOYNE AVE,60609,1163270.3904318,1869094.15309397,16,9,61,41.79643258006111,-87.67680666790994,"(41.79643258006111, -87.67680666790994)"
06/28/2016,Completed,06/29/2016,16-04521038,Sanitation Code Violation,Standing water,3114 S WESTERN AVE,60608,1160917.21688199,1884178.14901723,25,9,31,41.837873869143756,-87.68501865529888,"(41.837873869143756, -87.68501865529888)"
07/07/2016,Completed,07/08/2016,16-04771997,Sanitation Code Violation,Standing water,3114 S WESTERN AVE,60608,1160917.21688199,1884178.14901723,25,9,31,41.837873869143756,-87.68501865529888,"(41.837873869143756, -87.68501865529888)"
07/08/2016,Completed,07/10/2016,16-04807079,Sanitation Code Violation,Standing water,3114 S WESTERN AVE,60608,1160917.21688199,1884178.14901723,25,9,31,41.837873869143756,-87.68501865529888,"(41.837873869143756, -87.68501865529888)"
06/04/2016,Completed,07/11/2016,16-03878160,Sanitation Code Violation,Standing water,4222 S ARTESIAN AVE,60632,1160723.46530865,1876572.71738964,15,9,58,41.81700769727047,-87.68593992334011,"(41.81700769727047, -87.68593992334011)"
06/21/2016,Completed,07/18/2016,16-04330722,Sanitation Code Violation,Standing water,1426 S HOMAN AVE,60623,1153931.2174876,1892931.5540888,24,10,29,41.86203607862724,-87.71042065008996,"(41.86203607862724, -87.71042065008996)"
07/15/2016,Completed,07/19/2016,16-04995703,Sanitation Code Violation,Standing water,3249 W 53RD ST,60632,1155527.4788175,1869296.09062084,14,8,63,41.79714549002947,-87.70519537843808,"(41.79714549002947, -87.70519537843808)"
07/21/2016,Completed,07/25/2016,16-05138334,Sanitation Code Violation,Standing water,4352 W 47TH ST,60632,1148015.77032568,1873109.08521543,14,8,57,41.80775624733463,-87.73264438271458,"(41.80775624733463, -87.73264438271458)"
07/26/2016,Completed,07/26/2016,16-05224959,Sanitation Code Violation,Standing water,4400 W 47TH ST,60632,1147817.86992036,1873104.40358949,14,8,57,41.80774719359453,-87.73337035816313,"(41.80774719359453, -87.73337035816313)"
07/26/2016,Completed,07/26/2016,16-05225046,Sanitation Code Violation,Standing water,4432 W 47TH ST,60632,1147483.529801,1873095.75220467,14,8,57,41.80772985108241,-87.7345968660238,"(41.80772985108241, -87.7345968660238)"
07/25/2016,Completed,07/26/2016,16-05197327,Sanitation Code Violation,Standing water,4344 S WOOD ST,60609,1165075.24012516,1875882.47708334,15,9,61,41.815022520922255,-87.66999599010309,"(41.815022520922255, -87.66999599010309)"
07/21/2016,Completed,07/28/2016,16-05138348,Sanitation Code Violation,Standing water,4400 W 47TH ST,60632,1147817.86992036,1873104.40358949,14,8,57,41.80774719359453,-87.73337035816313,"(41.80774719359453, -87.73337035816313)"
07/21/2016,Completed,07/28/2016,16-05138349,Sanitation Code Violation,Standing water,4432 W 47TH ST,60632,1147483.529801,1873095.75220467,14,8,57,41.80772985108241,-87.7345968660238,"(41.80772985108241, -87.7345968660238)"
07/13/2016,Completed,07/29/2016,16-04942500,Sanitation Code Violation,Standing water,2129 W 50TH ST,60609,1162923.35982601,1871491.55198858,15,9,61,41.80301860706759,-87.67801223866199,"(41.80301860706759, -87.67801223866199)"
08/01/2016,Completed,08/02/2016,16-05410639,Sanitation Code Violation,Standing water,4352 W 47TH ST,60632,1148015.77032568,1873109.08521543,14,8,57,41.80775624733463,-87.73264438271458,"(41.80775624733463, -87.73264438271458)"
08/01/2016,Completed,08/02/2016,16-05410641,Sanitation Code Violation,Standing water,4635 S KOLMAR AVE,60632,1146804.0391225,1873516.07363061,14,8,57,41.808896239600024,-87.73707839474409,"(41.808896239600024, -87.73707839474409)"
08/01/2016,Completed,08/02/2016,16-05410746,Sanitation Code Violation,Standing water,4400 W 47TH ST,60632,1147817.86992036,1873104.40358949,14,8,57,41.80774719359453,-87.73337035816313,"(41.80774719359453, -87.73337035816313)"
08/01/2016,Completed,08/02/2016,16-05410749,Sanitation Code Violation,Standing water,4432 W 47TH ST,60632,1147483.529801,1873095.75220467,14,8,57,41.80772985108241,-87.7345968660238,"(41.80772985108241, -87.7345968660238)"
08/15/2016,Completed,08/16/2016,16-05767788,Sanitation Code Violation,Standing water,4352 W 47TH ST,60632,1148015.77032568,1873109.08521543,14,8,57,41.80775624733463,-87.73264438271458,"(41.80775624733463, -87.73264438271458)"
08/15/2016,Completed,08/16/2016,16-05767789,Sanitation Code Violation,Standing water,4635 S KOLMAR AVE,60632,1146804.0391225,1873516.07363061,14,8,57,41.808896239600024,-87.73707839474409,"(41.808896239600024, -87.73707839474409)"
08/15/2016,Completed,08/16/2016,16-05767793,Sanitation Code Violation,Standing water,4400 W 47TH ST,60632,1147817.86992036,1873104.40358949,14,8,57,41.80774719359453,-87.73337035816313,"(41.80774719359453, -87.73337035816313)"
08/15/2016,Completed,08/16/2016,16-05767795,Sanitation Code Violation,Standing water,4432 W 47TH ST,60632,1147483.529801,1873095.75220467,14,8,57,41.80772985108241,-87.7345968660238,"(41.80772985108241, -87.7345968660238)"
08/14/2016,Completed,08/17/2016,16-05749190,Sanitation Code Violation,Standing water,4545 S DREXEL BLVD,60653,1183085.83639621,1875068.73312133,4,2,39,41.812389036950556,-87.60395637876054,"(41.812389036950556, -87.60395637876054)"
08/12/2016,Completed,08/17/2016,16-05707848,Sanitation Code Violation,Standing water,4214 S ELLIS AVE,60653,1183634.40821927,1877060.62782492,4,2,36,41.81784214724926,-87.6018820545467,"(41.81784214724926, -87.6018820545467)"
08/25/2016,Completed,08/29/2016,16-06019065,Sanitation Code Violation,Standing water,4352 W 47TH ST,60632,1148015.77032568,1873109.08521543,14,8,57,41.80775624733463,-87.73264438271458,"(41.80775624733463, -87.73264438271458)"
08/17/2016,Completed,08/30/2016,16-05835802,Sanitation Code Violation,Standing water,4945 S HOYNE AVE,60609,1163198.29080914,1871758.50008006,15,9,61,41.803745388748105,-87.67699646083116,"(41.803745388748105, -87.67699646083116)"
08/30/2016,Completed - Dup,08/31/2016,16-06149433,Sanitation Code Violation,Standing water,5053 S LAWLER AVE,60638,1143547.81919224,1870647.96041166,22,8,56,41.8010870536436,-87.74909324743506,"(41.8010870536436, -87.74909324743506)"
08/20/2016,Completed,08/31/2016,16-05897503,Sanitation Code Violation,Standing water,1231 W 33RD ST,60608,1168650.63641506,1882933.57982727,11,9,60,41.8342949717908,-87.65667721486689,"(41.8342949717908, -87.65667721486689)"
08/08/2016,Completed,08/31/2016,16-05607076,Sanitation Code Violation,Standing water,1933 S JOURDAN CT,60608,1171178.21987117,1890960.88269453,11,12,31,41.85626756568111,-87.64716758212354,"(41.85626756568111, -87.64716758212354)"
10/06/2016,Completed,10/11/2016,16-07041769,Sanitation Code Violation,Standing water,5112 S KILPATRICK AVE,60632,1145892.2556336,1870276.98432876,14,8,56,41.80002498709393,-87.74050462494607,"(41.80002498709393, -87.74050462494607)"
10/02/2016,Completed,10/11/2016,16-06933961,Sanitation Code Violation,Standing water,4352 W 47TH ST,60632,1148015.77032568,1873109.08521543,14,8,57,41.80775624733463,-87.73264438271458,"(41.80775624733463, -87.73264438271458)"
10/02/2016,Completed,10/11/2016,16-06933964,Sanitation Code Violation,Standing water,4430 W 47TH ST,60632,1147504.429801,1873096.25220467,14,8,57,41.80773082358304,-87.73452019661097,"(41.80773082358304, -87.73452019661097)"
10/02/2016,Completed,10/11/2016,16-06933965,Sanitation Code Violation,Standing water,4432 W 47TH ST,60632,1147483.529801,1873095.75220467,14,8,57,41.80772985108241,-87.7345968660238,"(41.80772985108241, -87.7345968660238)"
10/02/2016,Completed,10/11/2016,16-06933998,Sanitation Code Violation,Standing water,4502 W 47TH ST,60632,1147128.46989922,1873087.11368382,14,8,57,41.80771292603776,-87.73589936868227,"(41.80771292603776, -87.73589936868227)"
10/18/2016,Completed,10/20/2016,16-07270187,Sanitation Code Violation,Standing water,4352 W 47TH ST,60632,1148015.77032568,1873109.08521543,14,8,57,41.80775624733463,-87.73264438271458,"(41.80775624733463, -87.73264438271458)"
10/18/2016,Completed,10/20/2016,16-07270188,Sanitation Code Violation,Standing water,4430 W 47TH ST,60632,1147504.429801,1873096.25220467,14,8,57,41.80773082358304,-87.73452019661097,"(41.80773082358304, -87.73452019661097)"
10/26/2016,Completed,10/30/2016,16-07428317,Sanitation Code Violation,Standing water,4352 W 47TH ST,60632,1148015.77032568,1873109.08521543,14,8,57,41.80775624733463,-87.73264438271458,"(41.80775624733463, -87.73264438271458)"
10/26/2016,Completed,10/30/2016,16-07428342,Sanitation Code Violation,Standing water,4430 W 47TH ST,60632,1147504.429801,1873096.25220467,14,8,57,41.80773082358304,-87.73452019661097,"(41.80773082358304, -87.73452019661097)"
10/26/2016,Completed,10/30/2016,16-07428343,Sanitation Code Violation,Standing water,4432 W 47TH ST,60632,1147483.529801,1873095.75220467,14,8,57,41.80772985108241,-87.7345968660238,"(41.80772985108241, -87.7345968660238)"
10/26/2016,Completed,10/30/2016,16-07428344,Sanitation Code Violation,Standing water,4438 W 47TH ST,60632,1147458.329801,1873095.15220467,14,8,57,41.80772868630779,-87.73468930945073,"(41.80772868630779, -87.73468930945073)"
10/26/2016,Completed,10/30/2016,16-07428345,Sanitation Code Violation,Standing water,4400 W 47TH ST,60632,1147817.86992036,1873104.40358949,14,8,57,41.80774719359453,-87.73337035816313,"(41.80774719359453, -87.73337035816313)"
10/26/2016,Completed,10/30/2016,16-07428346,Sanitation Code Violation,Standing water,4428 W 47TH ST,60632,1147525.329801,1873096.85220467,14,8,57,41.807732070447514,-87.73444352464061,"(41.807732070447514, -87.73444352464061)"
10/31/2016,Completed,11/01/2016,16-07552016,Sanitation Code Violation,Standing water,3617 S OAKLEY AVE,60609,1161723.80911015,1880641.14098654,12,9,59,41.828151182836535,-87.6821572786718,"(41.828151182836535, -87.6821572786718)"
11/03/2016,Completed,11/07/2016,16-07600370,Sanitation Code Violation,Standing water,4352 W 47TH ST,60632,1148015.77032568,1873109.08521543,14,8,57,41.80775624733463,-87.73264438271458,"(41.80775624733463, -87.73264438271458)"
11/03/2016,Completed,11/07/2016,16-07600372,Sanitation Code Violation,Standing water,4432 W 47TH ST,60632,1147483.529801,1873095.75220467,14,8,57,41.80772985108241,-87.7345968660238,"(41.80772985108241, -87.7345968660238)"
11/03/2016,Completed,11/07/2016,16-07609626,Sanitation Code Violation,Standing water,307 W 44TH PL,60609,1174958.7896959,1875482.12732258,3,9,37,41.81370884311039,-87.63375377867855,"(41.81370884311039, -87.63375377867855)"
10/31/2016,Completed,11/08/2016,16-07552016,Sanitation Code Violation,Standing water,3617 S OAKLEY AVE,60609,1161723.80911015,1880641.14098654,12,9,59,41.828151182836535,-87.6821572786718,"(41.828151182836535, -87.6821572786718)"
11/07/2016,Completed,11/15/2016,16-07691261,Sanitation Code Violation,Standing water,727 S HOYNE AVE,60612,1162490.86643014,1896760.82999792,28,12,28,41.872369246725796,-87.67889229489924,"(41.872369246725796, -87.67889229489924)"
11/07/2016,Completed,11/15/2016,16-07691281,Sanitation Code Violation,Standing water,2101 W FLOURNOY ST,60612,1162485.01739167,1897076.78993349,28,12,28,41.873236391583326,-87.67890492495265,"(41.873236391583326, -87.67890492495265)"
11/07/2016,Completed,11/15/2016,16-07691286,Sanitation Code Violation,Standing water,2100 W LEXINGTON ST,60612,1162490.86643014,1896760.82999792,28,12,28,41.872369246725796,-87.67889229489924,"(41.872369246725796, -87.67889229489924)"
11/07/2016,Completed,11/15/2016,16-07691308,Sanitation Code Violation,Standing water,2122 W LEXINGTON ST,60612,1162345.36643014,1896754.72999792,28,12,28,41.87235555065563,-87.6794266594141,"(41.87235555065563, -87.6794266594141)"
11/07/2016,Completed,11/15/2016,16-07691317,Sanitation Code Violation,Standing water,2144 W LEXINGTON ST,60612,1162199.86643014,1896748.62999792,28,12,28,41.87234185209734,-87.6799610237324,"(41.87234185209734, -87.6799610237324)"
11/07/2016,Completed,11/15/2016,16-07691319,Sanitation Code Violation,Standing water,2111 W FLOURNOY ST,60612,1162417.81739167,1897074.88993349,28,12,28,41.87323258348981,-87.67915170192597,"(41.87323258348981, -87.67915170192597)"
11/07/2016,Completed,11/15/2016,16-07691320,Sanitation Code Violation,Standing water,2133 W FLOURNOY ST,60612,1162269.91739167,1897070.68993349,28,12,28,41.87322415018867,-87.67969483203619,"(41.87322415018867, -87.67969483203619)"
11/07/2016,Completed,11/15/2016,16-07691321,Sanitation Code Violation,Standing water,2155 W FLOURNOY ST,60612,1162122.16648728,1897066.49986881,28,12,28,41.87321573846822,-87.6802374143564,"(41.87321573846822, -87.6802374143564)"
10/16/2016,Completed,12/01/2016,16-07225598,Sanitation Code Violation,Standing water,829 W 32ND ST,60608,1171140.8462988,1883735.61878002,11,9,60,41.83644164714727,-87.64751654793068,"(41.83644164714727, -87.64751654793068)"
11/30/2016,Completed,12/09/2016,16-08091594,Sanitation Code Violation,Standing water,723 S LEAVITT ST,60612,1161833.6937134,1896810.25207978,28,12,28,41.87251858934035,-87.68130368462246,"(41.87251858934035, -87.68130368462246)"
11/30/2016,Completed,12/09/2016,16-08091602,Sanitation Code Violation,Standing water,722 S HOYNE AVE,60612,1162490.96643014,1896809.42999792,28,12,28,41.87250260741375,-87.67889056733,"(41.87250260741375, -87.67889056733)"
12/11/2016,Completed,01/05/2017,16-08265640,Sanitation Code Violation,Standing water,1237 S KEDVALE AVE,60623,1148911.55002302,1894134.87113273,24,10,29,41.86543658902267,-87.72881612339354,"(41.86543658902267, -87.72881612339354)"
01/04/2017,Completed,01/05/2017,17-00078403,Sanitation Code Violation,Standing water,3144 S CALUMET AVE,60616,1179112.50991366,1884221.87492853,4,2,35,41.83759758900061,-87.61825093877796,"(41.83759758900061, -87.61825093877796)"
01/03/2017,Completed,01/05/2017,17-00055904,Sanitation Code Violation,Standing water,4352 W 47TH ST,60632,1148015.77032568,1873109.08521543,14,8,57,41.80775624733463,-87.73264438271458,"(41.80775624733463, -87.73264438271458)"
01/03/2017,Completed,01/05/2017,17-00055909,Sanitation Code Violation,Standing water,4400 W 47TH ST,60632,1147817.86992036,1873104.40358949,14,8,57,41.80774719359453,-87.73337035816313,"(41.80774719359453, -87.73337035816313)"
01/03/2017,Completed,01/05/2017,17-00055911,Sanitation Code Violation,Standing water,4428 W 47TH ST,60632,1147525.329801,1873096.85220467,14,8,57,41.807732070447514,-87.73444352464061,"(41.807732070447514, -87.73444352464061)"
01/03/2017,Completed,01/06/2017,17-00059191,Sanitation Code Violation,Standing water,3234 S INDIANA AVE,60616,1178132.76161157,1883593.34257135,3,2,35,41.835895175433606,-87.62186513355007,"(41.835895175433606, -87.62186513355007)"
01/06/2017,Completed,01/09/2017,17-00108883,Sanitation Code Violation,Standing water,2656 S TRIPP AVE,60623,1148482.5890778,1886002.42681599,22,10,30,41.84312841524414,-87.73060043377926,"(41.84312841524414, -87.73060043377926)"
01/07/2017,Completed - Dup,01/09/2017,17-00118853,Sanitation Code Violation,Standing water,2656 S TRIPP AVE,60623,1148482.5890778,1886002.42681599,22,10,30,41.84312841524414,-87.73060043377926,"(41.84312841524414, -87.73060043377926)"
01/16/2017,Completed,01/19/2017,17-00286266,Sanitation Code Violation,Standing water,4352 W 47TH ST,60632,1148015.77032568,1873109.08521543,14,8,57,41.80775624733463,-87.73264438271458,"(41.80775624733463, -87.73264438271458)"
01/16/2017,Completed,01/19/2017,17-00286471,Sanitation Code Violation,Standing water,4400 W 47TH ST,60632,1147817.86992036,1873104.40358949,14,8,57,41.80774719359453,-87.73337035816313,"(41.80774719359453, -87.73337035816313)"
01/16/2017,Completed,01/19/2017,17-00286473,Sanitation Code Violation,Standing water,4428 W 47TH ST,60632,1147525.329801,1873096.85220467,14,8,57,41.807732070447514,-87.73444352464061,"(41.807732070447514, -87.73444352464061)"
01/20/2017,Completed,01/20/2017,17-00350479,Sanitation Code Violation,Standing water,4400 W 47TH ST,60632,1147817.86992036,1873104.40358949,14,8,57,41.80774719359453,-87.73337035816313,"(41.80774719359453, -87.73337035816313)"
01/20/2017,Completed,01/20/2017,17-00350484,Sanitation Code Violation,Standing water,4428 W 47TH ST,60632,1147525.329801,1873096.85220467,14,8,57,41.807732070447514,-87.73444352464061,"(41.807732070447514, -87.73444352464061)"
01/19/2017,Completed,01/20/2017,17-00328478,Sanitation Code Violation,Standing water,4352 W 47TH ST,60632,1148015.77032568,1873109.08521543,14,8,57,41.80775624733463,-87.73264438271458,"(41.80775624733463, -87.73264438271458)"
01/22/2017,Completed,01/25/2017,17-00395407,Sanitation Code Violation,Standing water,4352 W 47TH ST,60632,1148015.77032568,1873109.08521543,14,8,57,41.80775624733463,-87.73264438271458,"(41.80775624733463, -87.73264438271458)"
02/28/2017,Completed,03/01/2017,17-01143489,Sanitation Code Violation,Standing water,4352 W 47TH ST,60632,1148015.77032568,1873109.08521543,14,8,57,41.80775624733463,-87.73264438271458,"(41.80775624733463, -87.73264438271458)"
02/28/2017,Completed,03/01/2017,17-01143490,Sanitation Code Violation,Standing water,4428 W 47TH ST,60632,1147525.329801,1873096.85220467,14,8,57,41.807732070447514,-87.73444352464061,"(41.807732070447514, -87.73444352464061)"
02/28/2017,Completed,03/01/2017,17-01143493,Sanitation Code Violation,Standing water,4400 W 47TH ST,60632,1147817.86992036,1873104.40358949,14,8,57,41.80774719359453,-87.73337035816313,"(41.80774719359453, -87.73337035816313)"
03/15/2017,Completed,03/16/2017,17-01418823,Sanitation Code Violation,Standing water,1852 S PAULINA ST,60608,1165332.94006834,1891025.64599507,25,12,31,41.8565714604415,-87.66862085532003,"(41.8565714604415, -87.66862085532003)"
03/11/2017,Completed,03/22/2017,17-01347016,Sanitation Code Violation,Standing water,4300 W CERMAK RD,60623,1148026.64427119,1889025.89022873,24,10,29,41.85143396098656,-87.73219599337271,"(41.85143396098656, -87.73219599337271)"
03/26/2017,Completed,03/28/2017,17-01700853,Sanitation Code Violation,Standing water,4352 W 47TH ST,60632,1148015.77032568,1873109.08521543,14,8,57,41.80775624733463,-87.73264438271458,"(41.80775624733463, -87.73264438271458)"
03/26/2017,Completed,03/28/2017,17-01700916,Sanitation Code Violation,Standing water,4635 S KOLMAR AVE,60632,1146804.0391225,1873516.07363061,14,8,57,41.808896239600024,-87.73707839474409,"(41.808896239600024, -87.73707839474409)"
03/30/2017,Completed,03/31/2017,17-01810116,Sanitation Code Violation,Standing water,1000 S MICHIGAN AVE,60605,1177415.20740968,1895982.98957414,4,1,32,41.869909492230626,-87.62412258020504,"(41.869909492230626, -87.62412258020504)"
03/30/2017,Completed,03/31/2017,17-01795164,Sanitation Code Violation,Standing water,4352 W 47TH ST,60632,1148015.77032568,1873109.08521543,14,8,57,41.80775624733463,-87.73264438271458,"(41.80775624733463, -87.73264438271458)"
03/30/2017,Completed,03/31/2017,17-01795167,Sanitation Code Violation,Standing water,4635 S KOLMAR AVE,60632,1146804.0391225,1873516.07363061,14,8,57,41.808896239600024,-87.73707839474409,"(41.808896239600024, -87.73707839474409)"
04/04/2017,Completed,04/04/2017,17-01928181,Sanitation Code Violation,Standing water,1250 W 15TH ST,60608,1168170.61457508,1892873.93967113,25,12,28,41.86158258049939,-87.65815176796164,"(41.86158258049939, -87.65815176796164)"
03/31/2017,Completed,04/04/2017,17-01839959,Sanitation Code Violation,Standing water,4352 W 47TH ST,60632,1148015.77032568,1873109.08521543,14,8,57,41.80775624733463,-87.73264438271458,"(41.80775624733463, -87.73264438271458)"
03/31/2017,Completed,04/04/2017,17-01839960,Sanitation Code Violation,Standing water,4635 S KOLMAR AVE,60632,1146804.0391225,1873516.07363061,14,8,57,41.808896239600024,-87.73707839474409,"(41.808896239600024, -87.73707839474409)"
04/05/2017,Completed,04/06/2017,17-01965190,Sanitation Code Violation,Standing water,1217 W 15TH ST,60608,1168448.32202583,1892881.59009182,25,12,28,41.861597576344344,-87.65713213760628,"(41.861597576344344, -87.65713213760628)"
04/05/2017,Completed,04/07/2017,17-01968424,Sanitation Code Violation,Standing water,4352 W 47TH ST,60632,1148015.77032568,1873109.08521543,14,8,57,41.80775624733463,-87.73264438271458,"(41.80775624733463, -87.73264438271458)"
04/05/2017,Completed,04/07/2017,17-01968427,Sanitation Code Violation,Standing water,4428 W 47TH ST,60632,1147525.329801,1873096.85220467,14,8,57,41.807732070447514,-87.73444352464061,"(41.807732070447514, -87.73444352464061)"
04/05/2017,Completed,04/07/2017,17-01968430,Sanitation Code Violation,Standing water,4635 S KOLMAR AVE,60632,1146804.0391225,1873516.07363061,14,8,57,41.808896239600024,-87.73707839474409,"(41.808896239600024, -87.73707839474409)"
03/30/2017,Completed,04/10/2017,17-01809883,Sanitation Code Violation,Standing water,1540 W 49TH ST,60609,1166792.73647165,1872234.93607272,20,9,61,41.80497670706289,-87.66380019524281,"(41.80497670706289, -87.66380019524281)"
03/26/2017,Completed,04/11/2017,17-01674425,Sanitation Code Violation,Standing water,528 E 45TH ST,60653,1180643.28996564,1875297.28129472,3,2,38,41.813072729935875,-87.61290850263795,"(41.813072729935875, -87.61290850263795)"
04/10/2017,Completed,04/13/2017,17-02093664,Sanitation Code Violation,Standing water,4352 W 47TH ST,60632,1148015.77032568,1873109.08521543,14,8,57,41.80775624733463,-87.73264438271458,"(41.80775624733463, -87.73264438271458)"
04/16/2017,Completed,04/18/2017,17-02251150,Sanitation Code Violation,Standing water,3450 W 24TH ST,60623,1153656.97612067,1887836.20217948,22,10,30,41.84805929820767,-87.71156279634259,"(41.84805929820767, -87.71156279634259)"
04/04/2017,Completed,04/18/2017,17-01944691,Sanitation Code Violation,Standing water,1157 W 15TH ST,60608,1168888.82202583,1892894.89009182,11,12,28,41.86162454075757,-87.65551476382285,"(41.86162454075757, -87.65551476382285)"
04/16/2017,Completed,04/19/2017,17-02253044,Sanitation Code Violation,Standing water,4847 S CHAMPLAIN AVE,60615,1181416.45498915,1873016.84652871,4,2,38,41.80679721208724,-87.61014292628998,"(41.80679721208724, -87.61014292628998)"
04/16/2017,Completed,04/19/2017,17-02253045,Sanitation Code Violation,Standing water,4859 S CHAMPLAIN AVE,60615,1181418.44957914,1872936.55702692,4,2,38,41.80657684505674,-87.61013808873294,"(41.80657684505674, -87.61013808873294)"
04/19/2017,Completed,04/20/2017,17-02324293,Sanitation Code Violation,Standing water,4635 S KOLMAR AVE,60632,1146804.0391225,1873516.07363061,14,8,57,41.808896239600024,-87.73707839474409,"(41.808896239600024, -87.73707839474409)"
04/19/2017,Completed,04/20/2017,17-02324213,Sanitation Code Violation,Standing water,4352 W 47TH ST,60632,1148015.77032568,1873109.08521543,14,8,57,41.80775624733463,-87.73264438271458,"(41.80775624733463, -87.73264438271458)"
04/19/2017,Completed,04/20/2017,17-02324292,Sanitation Code Violation,Standing water,4428 W 47TH ST,60632,1147525.329801,1873096.85220467,14,8,57,41.807732070447514,-87.73444352464061,"(41.807732070447514, -87.73444352464061)"
04/10/2017,Completed - Dup,04/20/2017,17-02097892,Sanitation Code Violation,Standing water,2102 W LEXINGTON ST,60612,1162477.66643014,1896760.22999792,28,12,28,41.872367876429394,-87.67894077464184,"(41.872367876429394, -87.67894077464184)"
04/10/2017,Completed,04/20/2017,17-02097854,Sanitation Code Violation,Standing water,701 S LEAVITT ST,60612,1161826.76648728,1897046.49986881,28,12,28,41.87316701922795,-87.68132252894534,"(41.87316701922795, -87.68132252894534)"
04/30/2017,Completed,05/01/2017,17-02657583,Sanitation Code Violation,Standing water,4352 W 47TH ST,60632,1148015.77032568,1873109.08521543,14,8,57,41.80775624733463,-87.73264438271458,"(41.80775624733463, -87.73264438271458)"
04/30/2017,Completed,05/01/2017,17-02657645,Sanitation Code Violation,Standing water,4428 W 47TH ST,60632,1147525.329801,1873096.85220467,14,8,57,41.807732070447514,-87.73444352464061,"(41.807732070447514, -87.73444352464061)"
04/30/2017,Completed,05/01/2017,17-02657646,Sanitation Code Violation,Standing water,4635 S KOLMAR AVE,60632,1146804.0391225,1873516.07363061,14,8,57,41.808896239600024,-87.73707839474409,"(41.808896239600024, -87.73707839474409)"
05/10/2017,Completed,05/12/2017,17-02953618,Sanitation Code Violation,Standing water,4352 W 47TH ST,60632,1148015.77032568,1873109.08521543,14,8,57,41.80775624733463,-87.73264438271458,"(41.80775624733463, -87.73264438271458)"
05/10/2017,Completed,05/12/2017,17-02953620,Sanitation Code Violation,Standing water,4428 W 47TH ST,60632,1147525.329801,1873096.85220467,14,8,57,41.807732070447514,-87.73444352464061,"(41.807732070447514, -87.73444352464061)"
05/10/2017,Completed,05/12/2017,17-02953714,Sanitation Code Violation,Standing water,4635 S KOLMAR AVE,60632,1146804.0391225,1873516.07363061,14,8,57,41.808896239600024,-87.73707839474409,"(41.808896239600024, -87.73707839474409)"
06/11/2017,Completed - Dup,06/12/2017,17-03872916,Sanitation Code Violation,Standing water,2200 S HOMAN AVE,60623,1154038.38982104,1889168.05351501,22,10,30,41.85170646849583,-87.71012750904315,"(41.85170646849583, -87.71012750904315)"
06/17/2017,Completed - Dup,06/19/2017,17-03998298,Sanitation Code Violation,Standing water,2237 S HOMAN AVE,60623,1154045.98982104,1888920.75351501,22,10,30,41.851027697018935,-87.71010620243875,"(41.851027697018935, -87.71010620243875)"
05/01/2017,Completed,06/20/2017,17-02685659,Sanitation Code Violation,Standing water,1121 W 15TH ST,60608,1169125.65460151,1892902.40338962,11,12,28,41.86164002367808,-87.65464518010688,"(41.86164002367808, -87.65464518010688)"
07/21/2017,Completed,07/26/2017,17-04822066,Sanitation Code Violation,Standing water,2612 S LOWE AVE,60616,1172397.32009105,1886955.81517476,11,9,60,41.84525051833475,-87.64281110102375,"(41.84525051833475, -87.64281110102375)"
08/15/2017,Completed,08/16/2017,17-05469957,Sanitation Code Violation,Standing water,2346 S ST LOUIS AVE,60623,1153403.86398229,1888184.74437565,22,10,30,41.849020764751714,-87.7124824874432,"(41.849020764751714, -87.7124824874432)"
09/08/2017,Completed,09/12/2017,17-05970139,Sanitation Code Violation,Standing water,5053 S LAWLER AVE,60638,1143547.81919224,1870647.96041166,22,8,56,41.8010870536436,-87.74909324743506,"(41.8010870536436, -87.74909324743506)"
09/06/2017,Completed,09/15/2017,17-05929430,Sanitation Code Violation,Standing water,3053 S POPLAR AVE,60608,1171053.32003437,1884616.72510076,11,9,60,41.83886139885143,-87.64781190966876,"(41.83886139885143, -87.64781190966876)"
07/15/2017,Completed,09/15/2017,17-04666560,Sanitation Code Violation,Standing water,722 S HOYNE AVE,60612,1162490.96643014,1896809.42999792,28,12,28,41.87250260741375,-87.67889056733,"(41.87250260741375, -87.67889056733)"
07/22/2017,Completed,09/15/2017,17-04836406,Sanitation Code Violation,Standing water,3616 W LEXINGTON ST,60624,1152390.41202142,1896459.03052625,24,11,27,41.871746409125834,-87.71598362539378,"(41.871746409125834, -87.71598362539378)"
10/15/2017,Completed,10/16/2017,17-06938734,Sanitation Code Violation,Standing water,4642 S KOLIN AVE,60632,1148074.8332048,1873495.07010236,14,8,57,41.80881431438463,-87.73241785440453,"(41.80881431438463, -87.73241785440453)"
10/15/2017,Completed,10/16/2017,17-06938738,Sanitation Code Violation,Standing water,4635 S KOLMAR AVE,60632,1146804.0391225,1873516.07363061,14,8,57,41.808896239600024,-87.73707839474409,"(41.808896239600024, -87.73707839474409)"
07/28/2017,Completed,10/30/2017,17-05000413,Sanitation Code Violation,Standing water,1312 S KILDARE AVE,60623,1147925.91431787,1893611.73532629,24,10,29,41.864020029278116,-87.7324479087399,"(41.864020029278116, -87.7324479087399)"
10/23/2017,Completed,10/31/2017,17-07121124,Sanitation Code Violation,Standing water,4642 S KOLIN AVE,60632,1148074.8332048,1873495.07010236,14,8,57,41.80881431438463,-87.73241785440453,"(41.80881431438463, -87.73241785440453)"
10/23/2017,Completed,10/31/2017,17-07121201,Sanitation Code Violation,Standing water,4635 S KOLMAR AVE,60632,1146804.0391225,1873516.07363061,14,8,57,41.808896239600024,-87.73707839474409,"(41.808896239600024, -87.73707839474409)"
11/02/2017,Completed,11/03/2017,17-07390379,Sanitation Code Violation,Standing water,4642 S KOLIN AVE,60632,1148074.8332048,1873495.07010236,14,8,57,41.80881431438463,-87.73241785440453,"(41.80881431438463, -87.73241785440453)"
11/02/2017,Completed,11/03/2017,17-07390380,Sanitation Code Violation,Standing water,4635 S KOLMAR AVE,60632,1146804.0391225,1873516.07363061,14,8,57,41.808896239600024,-87.73707839474409,"(41.808896239600024, -87.73707839474409)"
12/28/2017,Completed,01/03/2018,17-08639669,Sanitation Code Violation,Standing water,1850 S PAULINA ST,60608,1165332.64006834,1891035.54599507,25,12,31,41.85659863332592,-87.6686216751615,"(41.85659863332592, -87.6686216751615)"
01/11/2018,Completed,01/22/2018,18-00186762,Sanitation Code Violation,Standing water,1445 S PLYMOUTH CT,60605,1176256.06302645,1893634.23011734,3,1,33,41.863490546459296,-87.62844889903924,"(41.863490546459296, -87.62844889903924)"
02/21/2018,Completed,03/06/2018,18-00724019,Sanitation Code Violation,Standing water,4642 S KOLIN AVE,60632,1148074.8332048,1873495.07010236,14,8,57,41.80881431438463,-87.73241785440453,"(41.80881431438463, -87.73241785440453)"
02/21/2018,Completed,03/06/2018,18-00724020,Sanitation Code Violation,Standing water,4635 S KOLMAR AVE,60632,1146804.0391225,1873516.07363061,14,8,57,41.808896239600024,-87.73707839474409,"(41.808896239600024, -87.73707839474409)"
04/22/2018,Completed,04/22/2018,18-01290425,Sanitation Code Violation,Standing water,2144 W 19TH ST,60608,1162375.51961286,1890719.6814127,25,12,31,41.85579417714612,-87.67948470796337,"(41.85579417714612, -87.67948470796337)"
04/18/2018,Completed,04/27/2018,18-01249672,Sanitation Code Violation,Standing water,1730 S MICHIGAN AVE,60616,1177495.42832508,1891898.53860016,3,1,33,41.85869968393225,-87.62395197521751,"(41.85869968393225, -87.62395197521751)"
05/25/2018,Completed,05/29/2018,18-01622503,Sanitation Code Violation,Standing water,4759 S KARLOV AVE,60632,1149829.66317206,1872754.92897281,14,8,57,41.806749408559675,-87.72600060448694,"(41.806749408559675, -87.72600060448694)"
05/28/2018,Completed,05/30/2018,18-01640734,Sanitation Code Violation,Standing water,4009 S TALMAN AVE,60632,1159386.35678416,1877964.24991917,12,9,58,41.82085377185784,-87.69080664097515,"(41.82085377185784, -87.69080664097515)"
05/27/2018,Completed,06/01/2018,18-01636439,Sanitation Code Violation,Standing water,19 E 26TH ST,60616,1176946.45886974,1887120.50739041,3,1,35,41.845600861870146,-87.62611147561894,"(41.845600861870146, -87.62611147561894)"
05/14/2018,Open,,18-01508188,Sanitation Code Violation,Standing water,4252 W CULLERTON ST,60623,1148346.77127102,1890080.94202602,24,10,29,41.854323001379434,-87.73099387633894,"(41.854323001379434, -87.73099387633894)"
